{
  "timestamp": 1767951782.9937675,
  "deep": {
    "v": -0.00609149628883609,
    "a": 0.017822746496203173,
    "d": -0.013933254162870386
  },
  "surface": {
    "v": 0.0014696465931226116,
    "a": 0.0333859766529735,
    "d": -0.0218596671431715
  }
}