{
  "timestamp": 1767936806.215153,
  "deep": {
    "v": 0.06999806679487229,
    "a": 0.0,
    "d": 0.0
  },
  "surface": {
    "v": 0.09999723827838897,
    "a": 0.0,
    "d": 0.0
  }
}